region,f1_score,substring_accuracy,judge_score
latam,0.040040148087625044,0.2018855218855219,0.10747474747474747
usa,0.012361884630522717,0.028846153846153848,0.07692307692307693
